team,round,result_match,championship_score,home_team,goals_conceded,goals_scored,ag_scored,ag_conceded,wcg,clube_nome
275.0,1,1,1,1,2,2,2.0,2.0,0,Palmeiras
315.0,1,3,3,1,1,2,2.0,1.0,0,Chapecoense
266.0,1,3,3,1,0,1,1.0,0.0,1,Fluminense
276.0,1,3,3,1,1,2,2.0,1.0,0,São Paulo
283.0,1,0,0,1,1,0,0.0,1.0,0,Cruzeiro
293.0,1,3,3,1,0,2,2.0,0.0,1,Atlético-PR
292.0,1,3,3,1,1,4,4.0,1.0,0,Sport
267.0,1,1,1,1,0,0,0.0,0.0,1,Vasco
284.0,1,1,1,1,3,3,3.0,3.0,0,Grêmio
314.0,1,1,1,1,1,1,1.0,1.0,0,Avaí
294.0,1,0,0,0,0,0,0.0,0.0,0,Coritiba
290.0,1,1,1,0,0,0,0.0,0.0,1,Goiás
264.0,1,3,3,0,2,2,2.0,2.0,1,Corinthians
262.0,1,0,0,0,2,1,1.0,2.0,0,Flamengo
277.0,1,1,1,0,1,1,1.0,1.0,0,Santos
282.0,1,1,1,0,2,2,2.0,2.0,0,Atlético-MG
215.0,1,0,0,0,1,0,0.0,1.0,0,Joinville
303.0,1,1,1,0,3,3,3.0,3.0,0,Ponte Preta
285.0,1,0,0,0,3,0,0.0,3.0,0,Internacional
316.0,1,0,0,0,4,0,0.0,4.0,0,Figueirense
275.0,2,1,2,0,2,2,1.0,1.0,1,Palmeiras
315.0,2,0,3,0,2,2,1.0,1.0,0,Chapecoense
266.0,2,0,3,0,4,2,1.0,2.0,1,Fluminense
276.0,2,0,3,0,2,2,1.0,1.0,0,São Paulo
283.0,2,0,0,0,2,0,0.0,1.0,0,Cruzeiro
293.0,2,0,3,0,2,2,1.0,1.0,1,Atlético-PR
292.0,2,1,4,0,3,6,3.0,1.5,0,Sport
267.0,2,1,2,0,0,0,0.0,0.0,2,Vasco
284.0,2,0,1,0,5,3,1.5,2.5,0,Grêmio
314.0,2,0,1,0,2,1,0.5,1.0,0,Avaí
294.0,2,3,3,1,2,2,1.0,1.0,1,Coritiba
290.0,2,3,4,1,0,2,1.0,0.0,2,Goiás
264.0,2,3,6,1,0,2,1.0,0.0,2,Corinthians
262.0,2,1,1,1,4,3,1.5,2.0,0,Flamengo
277.0,2,3,4,1,1,2,1.0,0.5,1,Santos
282.0,2,3,4,1,3,6,3.0,1.5,0,Atlético-MG
215.0,2,1,1,1,1,0,0.0,0.5,1,Joinville
303.0,2,3,4,1,3,4,2.0,1.5,1,Ponte Preta
285.0,2,3,3,1,3,1,0.5,1.5,1,Internacional
316.0,2,1,1,1,4,0,0.0,2.0,1,Figueirense
275.0,3,0,2,1,3,2,0.6666666666666666,1.0,1,Palmeiras
315.0,3,3,6,1,2,3,1.0,0.6666666666666666,1,Chapecoense
266.0,3,1,4,1,4,2,0.6666666666666666,1.3333333333333333,2,Fluminense
276.0,3,3,6,1,2,5,1.6666666666666667,0.6666666666666666,1,São Paulo
283.0,3,1,1,1,3,1,0.3333333333333333,1.0,0,Cruzeiro
293.0,3,3,6,1,2,3,1.0,0.6666666666666666,2,Atlético-PR
292.0,3,3,7,1,3,7,2.3333333333333335,1.0,1,Sport
267.0,3,1,3,1,1,1,0.3333333333333333,0.3333333333333333,2,Vasco
284.0,3,3,4,1,5,3,1.0,1.6666666666666667,1,Grêmio
314.0,3,3,4,1,3,3,1.0,1.0,0,Avaí
294.0,3,0,3,0,3,2,0.6666666666666666,1.0,1,Coritiba
290.0,3,3,7,0,0,2,0.6666666666666666,0.0,3,Goiás
264.0,3,1,7,0,0,2,0.6666666666666666,0.0,3,Corinthians
262.0,3,0,1,0,6,4,1.3333333333333333,2.0,0,Flamengo
277.0,3,0,4,0,2,2,0.6666666666666666,0.6666666666666666,1,Santos
282.0,3,0,4,0,4,6,2.0,1.3333333333333333,0,Atlético-MG
215.0,3,0,1,0,4,0,0.0,1.3333333333333333,1,Joinville
303.0,3,1,5,0,4,5,1.6666666666666667,1.3333333333333333,1,Ponte Preta
285.0,3,1,4,0,4,2,0.6666666666666666,1.3333333333333333,1,Internacional
316.0,3,0,1,0,5,0,0.0,1.6666666666666667,1,Figueirense
275.0,4,3,5,0,3,4,1.0,0.75,2,Palmeiras
315.0,4,0,6,0,5,4,1.0,1.25,1,Chapecoense
266.0,4,3,7,0,6,4,1.0,1.5,2,Fluminense
276.0,4,1,7,0,2,5,1.25,0.5,2,São Paulo
283.0,4,0,1,0,5,2,0.5,1.25,0,Cruzeiro
293.0,4,3,9,0,3,5,1.25,0.75,2,Atlético-PR
292.0,4,1,8,0,5,9,2.25,1.25,1,Sport
267.0,4,0,3,0,4,1,0.25,1.0,2,Vasco
284.0,4,1,5,0,6,4,1.0,1.5,1,Grêmio
314.0,4,3,7,0,4,5,1.25,1.0,0,Avaí
294.0,4,0,3,1,5,3,0.75,1.25,1,Coritiba
290.0,4,1,8,1,1,3,0.75,0.25,3,Goiás
264.0,4,0,7,1,2,2,0.5,0.5,3,Corinthians
262.0,4,0,1,1,9,6,1.5,2.25,0,Flamengo
277.0,4,1,5,1,4,4,1.0,1.0,1,Santos
282.0,4,3,7,1,4,9,2.25,1.0,1,Atlético-MG
215.0,4,0,1,1,6,1,0.25,1.5,1,Joinville
303.0,4,3,8,1,5,8,2.0,1.25,1,Ponte Preta
285.0,4,1,5,1,4,2,0.5,1.0,2,Internacional
316.0,4,3,4,1,6,2,0.5,1.5,1,Figueirense
275.0,5,1,6,1,4,5,1.0,0.8,2,Palmeiras
315.0,5,3,9,1,5,6,1.2,1.0,2,Chapecoense
266.0,5,3,10,1,6,6,1.2,1.2,3,Fluminense
276.0,5,3,10,1,4,8,1.6,0.8,2,São Paulo
283.0,5,3,4,1,5,3,0.6,1.0,1,Cruzeiro
293.0,5,3,12,1,3,6,1.2,0.6,3,Atlético-PR
292.0,5,3,11,1,5,10,2.0,1.0,2,Sport
267.0,5,0,3,1,7,1,0.2,1.4,2,Vasco
284.0,5,3,8,1,7,7,1.4,1.4,1,Grêmio
314.0,5,0,7,1,8,6,1.2,1.6,0,Avaí
294.0,5,0,3,0,7,3,0.6,1.4,1,Coritiba
290.0,5,0,8,0,2,3,0.6,0.4,3,Goiás
264.0,5,0,7,0,5,3,0.6,1.0,3,Corinthians
262.0,5,0,1,0,10,6,1.2,2.0,0,Flamengo
277.0,5,0,5,0,7,6,1.2,1.4,1,Santos
282.0,5,3,10,0,5,12,2.4,1.0,1,Atlético-MG
215.0,5,0,1,0,8,1,0.2,1.6,1,Joinville
303.0,5,3,11,0,5,11,2.2,1.0,2,Ponte Preta
285.0,5,1,6,0,5,3,0.6,1.0,2,Internacional
316.0,5,0,4,0,7,2,0.4,1.4,1,Figueirense
275.0,6,0,6,0,6,7,1.1666666666666667,1.0,2,Palmeiras
315.0,6,0,9,0,6,6,1.0,1.0,2,Chapecoense
266.0,6,1,11,1,6,6,1.0,1.0,4,Fluminense
276.0,6,3,13,1,4,10,1.6666666666666667,0.6666666666666666,3,São Paulo
283.0,6,3,7,0,6,5,0.8333333333333334,1.0,1,Cruzeiro
293.0,6,3,15,1,3,8,1.3333333333333333,0.5,4,Atlético-PR
292.0,6,1,12,0,5,9,1.5,0.8333333333333334,3,Sport
267.0,6,0,3,0,9,1,0.16666666666666666,1.5,2,Vasco
284.0,6,0,8,0,9,7,1.1666666666666667,1.5,1,Grêmio
314.0,6,3,10,0,8,7,1.1666666666666667,1.3333333333333333,1,Avaí
294.0,6,0,3,0,9,3,0.5,1.5,1,Coritiba
290.0,6,0,8,1,3,3,0.5,0.5,3,Goiás
264.0,6,3,10,0,5,4,0.6666666666666666,0.8333333333333334,4,Corinthians
262.0,6,3,4,1,10,6,1.0,1.6666666666666667,1,Flamengo
277.0,6,1,6,1,9,8,1.3333333333333333,1.5,1,Santos
282.0,6,0,10,1,8,13,2.1666666666666665,1.3333333333333333,1,Atlético-MG
215.0,6,0,1,1,9,1,0.16666666666666666,1.5,1,Joinville
303.0,6,1,12,0,7,13,2.1666666666666665,1.1666666666666667,2,Ponte Preta
285.0,6,3,9,1,5,5,0.8333333333333334,0.8333333333333334,3,Internacional
316.0,6,3,7,1,8,4,0.6666666666666666,1.3333333333333333,1,Figueirense
275.0,7,3,9,1,7,9,1.2857142857142858,1.0,2,Palmeiras
315.0,7,0,9,1,7,6,0.8571428571428571,1.0,2,Chapecoense
266.0,7,0,11,0,8,7,1.0,1.1428571428571428,4,Fluminense
276.0,7,3,16,0,4,11,1.5714285714285714,0.5714285714285714,4,São Paulo
283.0,7,3,10,0,7,8,1.1428571428571428,1.0,1,Cruzeiro
293.0,7,0,15,0,5,9,1.2857142857142858,0.7142857142857143,4,Atlético-PR
292.0,7,3,15,1,6,11,1.5714285714285714,0.8571428571428571,3,Sport
267.0,7,0,3,1,12,2,0.2857142857142857,1.7142857142857142,2,Vasco
284.0,7,3,11,1,10,9,1.2857142857142858,1.4285714285714286,1,Grêmio
314.0,7,1,11,1,9,8,1.1428571428571428,1.2857142857142858,1,Avaí
294.0,7,0,3,1,10,3,0.42857142857142855,1.4285714285714286,1,Coritiba
290.0,7,1,9,0,3,3,0.42857142857142855,0.42857142857142855,4,Goiás
264.0,7,3,13,1,6,6,0.8571428571428571,0.8571428571428571,4,Corinthians
262.0,7,3,7,0,10,7,1.0,1.4285714285714286,2,Flamengo
277.0,7,1,7,0,9,8,1.1428571428571428,1.2857142857142858,1,Santos
282.0,7,1,11,1,8,13,1.8571428571428572,1.1428571428571428,1,Atlético-MG
215.0,7,0,1,0,11,2,0.2857142857142857,1.5714285714285714,1,Joinville
303.0,7,1,13,1,7,13,1.8571428571428572,1.0,3,Ponte Preta
285.0,7,0,9,0,7,6,0.8571428571428571,1.0,3,Internacional
316.0,7,1,8,0,9,5,0.7142857142857143,1.2857142857142858,1,Figueirense
275.0,8,0,9,0,8,9,1.125,1.0,2,Palmeiras
315.0,8,3,12,0,7,7,0.875,0.875,3,Chapecoense
266.0,8,3,14,1,8,9,1.125,1.0,5,Fluminense
276.0,8,1,17,1,5,11,1.375,0.625,4,São Paulo
283.0,8,0,10,1,8,8,1.0,1.0,1,Cruzeiro
293.0,8,1,16,1,7,11,1.375,0.875,4,Atlético-PR
292.0,8,3,18,1,7,13,1.625,0.875,3,Sport
267.0,8,0,3,0,14,3,0.375,1.75,2,Vasco
284.0,8,3,14,1,10,10,1.25,1.25,2,Grêmio
314.0,8,1,12,0,10,9,1.125,1.25,1,Avaí
294.0,8,1,4,0,12,5,0.625,1.5,1,Coritiba
290.0,8,0,9,0,5,4,0.5,0.625,4,Goiás
264.0,8,0,13,0,7,5,0.625,0.875,4,Corinthians
262.0,8,0,7,1,12,7,0.875,1.5,2,Flamengo
277.0,8,3,10,1,9,9,1.125,1.125,2,Santos
282.0,8,3,14,0,8,14,1.75,1.0,2,Atlético-MG
215.0,8,3,4,1,12,4,0.5,1.5,1,Joinville
303.0,8,0,13,0,9,13,1.625,1.125,3,Ponte Preta
285.0,8,1,10,0,7,6,0.75,0.875,3,Internacional
316.0,8,1,9,1,9,5,0.625,1.125,1,Figueirense
275.0,9,3,12,1,8,13,1.4444444444444444,0.8888888888888888,3,Palmeiras
315.0,9,1,13,1,8,8,0.8888888888888888,0.8888888888888888,3,Chapecoense
266.0,9,3,17,0,9,11,1.2222222222222223,1.0,5,Fluminense
276.0,9,0,17,0,9,11,1.2222222222222223,1.0,4,São Paulo
283.0,9,0,10,0,9,8,0.8888888888888888,1.0,1,Cruzeiro
293.0,9,0,16,0,9,12,1.3333333333333333,1.0,4,Atlético-PR
292.0,9,1,19,0,8,14,1.5555555555555556,0.8888888888888888,3,Sport
267.0,9,3,6,1,14,4,0.4444444444444444,1.5555555555555556,3,Vasco
284.0,9,3,17,0,11,12,1.3333333333333333,1.2222222222222223,2,Grêmio
314.0,9,0,12,1,12,10,1.1111111111111112,1.3333333333333333,1,Avaí
294.0,9,3,7,1,12,6,0.6666666666666666,1.3333333333333333,2,Coritiba
290.0,9,0,9,1,7,5,0.5555555555555556,0.7777777777777778,4,Goiás
264.0,9,3,16,1,8,7,0.7777777777777778,0.8888888888888888,4,Corinthians
262.0,9,0,7,0,13,7,0.7777777777777778,1.4444444444444444,2,Flamengo
277.0,9,0,10,0,10,9,1.0,1.1111111111111112,2,Santos
282.0,9,3,17,1,8,15,1.6666666666666667,0.8888888888888888,3,Atlético-MG
215.0,9,0,4,0,13,3,0.3333333333333333,1.4444444444444444,1,Joinville
303.0,9,3,16,1,10,15,1.6666666666666667,1.1111111111111112,3,Ponte Preta
285.0,9,3,13,1,7,7,0.7777777777777778,0.7777777777777778,5,Internacional
316.0,9,0,9,0,11,6,0.6666666666666666,1.2222222222222223,1,Figueirense
275.0,10,3,15,1,8,15,1.5,0.8,4,Palmeiras
315.0,10,0,13,0,10,8,0.8,1.0,3,Chapecoense
266.0,10,3,20,1,10,13,1.3,1.0,5,Fluminense
276.0,10,0,17,0,11,12,1.2,1.1,4,São Paulo
283.0,10,0,10,0,10,8,0.8,1.0,1,Cruzeiro
293.0,10,3,19,1,10,14,1.4,1.0,4,Atlético-PR
292.0,10,3,22,1,8,17,1.7,0.8,4,Sport
267.0,10,3,9,1,14,5,0.5,1.4,4,Vasco
284.0,10,3,20,1,11,13,1.3,1.1,3,Grêmio
314.0,10,0,12,0,13,10,1.0,1.3,1,Avaí
294.0,10,0,7,0,14,6,0.6,1.4,2,Coritiba
290.0,10,0,9,0,10,6,0.6,1.0,4,Goiás
264.0,10,3,19,1,8,10,1.0,0.8,5,Corinthians
262.0,10,3,10,0,13,8,0.8,1.3,3,Flamengo
277.0,10,0,10,0,12,10,1.0,1.2,2,Santos
282.0,10,3,20,1,8,17,1.7,0.8,4,Atlético-MG
215.0,10,0,4,1,14,3,0.3,1.4,1,Joinville
303.0,10,0,16,0,12,14,1.4,1.2,3,Ponte Preta
285.0,10,0,13,0,10,7,0.7,1.0,5,Internacional
316.0,10,3,12,1,12,9,0.9,1.2,1,Figueirense
275.0,11,3,18,0,8,17,1.5454545454545454,0.7272727272727273,5,Palmeiras
315.0,11,3,16,1,10,9,0.8181818181818182,0.9090909090909091,4,Chapecoense
266.0,11,1,21,0,10,13,1.1818181818181819,0.9090909090909091,6,Fluminense
276.0,11,1,18,1,11,12,1.0909090909090908,1.0,5,São Paulo
283.0,11,3,13,1,10,10,0.9090909090909091,0.9090909090909091,2,Cruzeiro
293.0,11,0,19,0,12,14,1.2727272727272727,1.0909090909090908,4,Atlético-PR
292.0,11,1,23,0,10,19,1.7272727272727273,0.9090909090909091,4,Sport
267.0,11,0,9,0,15,5,0.45454545454545453,1.3636363636363635,4,Vasco
284.0,11,3,23,0,12,16,1.4545454545454546,1.0909090909090908,3,Grêmio
314.0,11,1,13,1,15,11,1.0,1.3636363636363635,1,Avaí
294.0,11,1,8,1,14,6,0.5454545454545454,1.2727272727272727,3,Coritiba
290.0,11,1,10,1,10,6,0.5454545454545454,0.9090909090909091,5,Goiás
264.0,11,1,20,0,8,10,0.9090909090909091,0.7272727272727273,6,Corinthians
262.0,11,0,10,1,15,9,0.8181818181818182,1.3636363636363635,3,Flamengo
277.0,11,0,10,1,15,11,1.0,1.3636363636363635,2,Santos
282.0,11,3,23,0,9,20,1.8181818181818181,0.8181818181818182,4,Atlético-MG
215.0,11,1,5,0,14,3,0.2727272727272727,1.2727272727272727,2,Joinville
303.0,11,0,16,1,14,14,1.2727272727272727,1.2727272727272727,3,Ponte Preta
285.0,11,0,13,1,13,8,0.7272727272727273,1.1818181818181819,5,Internacional
316.0,11,3,15,0,13,11,1.0,1.1818181818181819,1,Figueirense
275.0,12,3,21,1,8,20,1.6666666666666667,0.6666666666666666,6,Palmeiras
315.0,12,3,19,1,10,10,0.8333333333333334,0.8333333333333334,5,Chapecoense
266.0,12,3,24,1,10,14,1.1666666666666667,0.8333333333333334,7,Fluminense
276.0,12,3,21,0,11,16,1.3333333333333333,0.9166666666666666,6,São Paulo
283.0,12,0,13,0,11,10,0.8333333333333334,0.9166666666666666,2,Cruzeiro
293.0,12,0,19,0,14,14,1.1666666666666667,1.1666666666666667,4,Atlético-PR
292.0,12,0,23,0,12,20,1.6666666666666667,1.0,4,Sport
267.0,12,0,9,1,19,5,0.4166666666666667,1.5833333333333333,4,Vasco
284.0,12,0,23,0,13,16,1.3333333333333333,1.0833333333333333,3,Grêmio
314.0,12,0,13,0,18,11,0.9166666666666666,1.5,1,Avaí
294.0,12,1,9,1,14,6,0.5,1.1666666666666667,4,Coritiba
290.0,12,3,13,1,11,10,0.8333333333333334,0.9166666666666666,5,Goiás
264.0,12,3,23,1,8,12,1.0,0.6666666666666666,7,Corinthians
262.0,12,3,13,0,16,11,0.9166666666666666,1.3333333333333333,3,Flamengo
277.0,12,0,10,0,19,12,1.0,1.5833333333333333,2,Santos
282.0,12,3,26,1,10,21,1.75,0.8333333333333334,4,Atlético-MG
215.0,12,3,8,0,14,5,0.4166666666666667,1.1666666666666667,3,Joinville
303.0,12,1,17,0,14,14,1.1666666666666667,1.1666666666666667,4,Ponte Preta
285.0,12,0,13,1,15,9,0.75,1.25,5,Internacional
316.0,12,0,15,1,15,11,0.9166666666666666,1.25,1,Figueirense
275.0,13,1,22,0,10,22,1.6923076923076923,0.7692307692307693,6,Palmeiras
315.0,13,0,19,0,12,11,0.8461538461538461,0.9230769230769231,5,Chapecoense
266.0,13,3,27,0,11,17,1.3076923076923077,0.8461538461538461,7,Fluminense
276.0,13,3,24,1,12,19,1.4615384615384615,0.9230769230769231,6,São Paulo
283.0,13,3,16,1,11,11,0.8461538461538461,0.8461538461538461,3,Cruzeiro
293.0,13,0,19,1,16,14,1.0769230769230769,1.2307692307692308,4,Atlético-PR
292.0,13,1,24,1,14,22,1.6923076923076923,1.0769230769230769,4,Sport
267.0,13,0,9,0,21,5,0.38461538461538464,1.6153846153846154,4,Vasco
284.0,13,3,26,1,13,17,1.3076923076923077,1.0,4,Grêmio
314.0,13,3,16,1,19,13,1.0,1.4615384615384615,1,Avaí
294.0,13,0,9,0,17,6,0.46153846153846156,1.3076923076923077,4,Coritiba
290.0,13,0,13,0,12,10,0.7692307692307693,0.9230769230769231,5,Goiás
264.0,13,3,26,0,8,15,1.1538461538461537,0.6153846153846154,9,Corinthians
262.0,13,0,13,1,19,11,0.8461538461538461,1.4615384615384615,3,Flamengo
277.0,13,3,13,1,19,13,1.0,1.4615384615384615,3,Santos
282.0,13,3,29,0,10,23,1.7692307692307692,0.7692307692307693,5,Atlético-MG
215.0,13,0,8,1,16,5,0.38461538461538464,1.2307692307692308,3,Joinville
303.0,13,0,17,1,16,10,0.7692307692307693,1.2307692307692308,4,Ponte Preta
285.0,13,3,16,0,15,11,0.8461538461538461,1.1538461538461537,6,Internacional
316.0,13,0,15,0,18,11,0.8461538461538461,1.3846153846153846,1,Figueirense
275.0,14,3,25,1,10,23,1.6428571428571428,0.7142857142857143,7,Palmeiras
315.0,14,0,19,0,13,11,0.7857142857142857,0.9285714285714286,5,Chapecoense
266.0,14,0,27,1,13,17,1.2142857142857142,0.9285714285714286,7,Fluminense
276.0,14,0,24,0,14,17,1.2142857142857142,1.0,6,São Paulo
283.0,14,1,17,1,12,12,0.8571428571428571,0.8571428571428571,3,Cruzeiro
293.0,14,3,22,1,16,15,1.0714285714285714,1.1428571428571428,5,Atlético-PR
292.0,14,3,27,1,14,24,1.7142857142857142,1.0,5,Sport
267.0,14,3,12,0,22,7,0.5,1.5714285714285714,4,Vasco
284.0,14,0,26,0,14,17,1.2142857142857142,1.0,4,Grêmio
314.0,14,1,17,0,20,14,1.0,1.4285714285714286,1,Avaí
294.0,14,1,10,0,17,6,0.42857142857142855,1.2142857142857142,5,Coritiba
290.0,14,0,13,0,14,11,0.7857142857142857,1.0,5,Goiás
264.0,14,3,29,1,8,16,1.1428571428571428,0.5714285714285714,10,Corinthians
262.0,14,3,16,1,19,10,0.7142857142857143,1.3571428571428572,4,Flamengo
277.0,14,0,13,0,20,13,0.9285714285714286,1.4285714285714286,3,Santos
282.0,14,0,29,0,11,22,1.5714285714285714,0.7857142857142857,5,Atlético-MG
215.0,14,1,9,1,17,6,0.42857142857142855,1.2142857142857142,3,Joinville
303.0,14,1,18,0,17,11,0.7857142857142857,1.2142857142857142,4,Ponte Preta
285.0,14,3,19,1,16,13,0.9285714285714286,1.1428571428571428,6,Internacional
316.0,14,1,16,1,18,11,0.7857142857142857,1.2857142857142858,2,Figueirense
275.0,15,3,28,0,11,27,1.8,0.7333333333333333,7,Palmeiras
315.0,15,3,22,1,14,13,0.8666666666666667,0.9333333333333333,5,Chapecoense
266.0,15,0,27,0,15,18,1.2,1.0,7,Fluminense
276.0,15,3,27,1,14,17,1.1333333333333333,0.9333333333333333,7,São Paulo
283.0,15,0,17,0,13,12,0.8,0.8666666666666667,3,Cruzeiro
293.0,15,3,25,0,17,16,1.0666666666666667,1.1333333333333333,5,Atlético-PR
292.0,15,1,28,0,15,25,1.6666666666666667,1.0,5,Sport
267.0,15,0,12,1,26,8,0.5333333333333333,1.7333333333333334,4,Vasco
284.0,15,1,27,1,15,17,1.1333333333333333,1.0,4,Grêmio
314.0,15,0,17,1,22,15,1.0,1.4666666666666666,1,Avaí
294.0,15,1,11,1,18,7,0.4666666666666667,1.2,5,Coritiba
290.0,15,0,13,1,15,11,0.7333333333333333,1.0,5,Goiás
264.0,15,1,30,0,9,17,1.1333333333333333,0.6,10,Corinthians
262.0,15,3,19,0,19,11,0.7333333333333333,1.2666666666666666,5,Flamengo
277.0,15,3,16,1,20,15,1.0,1.3333333333333333,4,Santos
282.0,15,3,32,1,11,23,1.5333333333333334,0.7333333333333333,6,Atlético-MG
215.0,15,0,9,0,19,7,0.4666666666666667,1.2666666666666666,3,Joinville
303.0,15,1,19,1,17,11,0.7333333333333333,1.1333333333333333,5,Ponte Preta
285.0,15,1,20,0,16,13,0.8666666666666667,1.0666666666666667,7,Internacional
316.0,15,0,16,0,19,11,0.7333333333333333,1.2666666666666666,2,Figueirense
275.0,16,0,28,1,12,27,1.6875,0.75,7,Palmeiras
315.0,16,1,23,0,14,13,0.8125,0.875,6,Chapecoense
266.0,16,3,30,1,15,19,1.1875,0.9375,8,Fluminense
276.0,16,0,27,0,14,17,1.0625,0.875,7,São Paulo
283.0,16,1,18,0,13,12,0.75,0.8125,4,Cruzeiro
293.0,16,3,28,0,17,17,1.0625,1.0625,6,Atlético-PR
292.0,16,1,29,1,15,25,1.5625,0.9375,6,Sport
267.0,16,0,12,0,26,8,0.5,1.625,4,Vasco
284.0,16,0,27,0,16,17,1.0625,1.0,4,Grêmio
314.0,16,0,17,0,24,15,0.9375,1.5,1,Avaí
294.0,16,1,12,1,19,8,0.5,1.1875,5,Coritiba
290.0,16,1,14,0,16,12,0.75,1.0,5,Goiás
264.0,16,3,33,1,9,17,1.0625,0.5625,10,Corinthians
262.0,16,1,20,1,21,13,0.8125,1.3125,5,Flamengo
277.0,16,1,17,0,22,17,1.0625,1.375,4,Santos
282.0,16,3,35,1,11,21,1.3125,0.6875,6,Atlético-MG
215.0,16,3,12,1,19,8,0.5,1.1875,4,Joinville
303.0,16,0,19,0,20,12,0.75,1.25,5,Ponte Preta
285.0,16,1,21,1,16,10,0.625,1.0,8,Internacional
316.0,16,3,19,1,20,14,0.875,1.25,2,Figueirense
275.0,17,0,28,0,14,28,1.6470588235294117,0.8235294117647058,7,Palmeiras
315.0,17,1,24,1,16,15,0.8823529411764706,0.9411764705882353,6,Chapecoense
266.0,17,0,30,0,16,19,1.1176470588235294,0.9411764705882353,8,Fluminense
276.0,17,1,28,1,15,18,1.0588235294117647,0.8823529411764706,7,São Paulo
283.0,17,3,21,1,14,14,0.8235294117647058,0.8235294117647058,4,Cruzeiro
293.0,17,1,29,1,18,18,1.0588235294117647,1.0588235294117647,6,Atlético-PR
292.0,17,1,30,0,16,26,1.5294117647058822,0.9411764705882353,6,Sport
267.0,17,1,13,1,26,8,0.47058823529411764,1.5294117647058822,5,Vasco
284.0,17,3,30,1,16,21,1.2352941176470589,0.9411764705882353,5,Grêmio
314.0,17,3,20,1,24,16,0.9411764705882353,1.411764705882353,2,Avaí
294.0,17,0,12,0,22,8,0.47058823529411764,1.2941176470588236,5,Coritiba
290.0,17,1,15,1,16,12,0.7058823529411765,0.9411764705882353,6,Goiás
264.0,17,1,34,0,10,18,1.0588235294117647,0.5882352941176471,10,Corinthians
262.0,17,0,20,0,22,13,0.7647058823529411,1.2941176470588236,5,Flamengo
277.0,17,3,20,1,22,19,1.1176470588235294,1.2941176470588236,5,Santos
282.0,17,1,36,0,11,21,1.2352941176470589,0.6470588235294118,7,Atlético-MG
215.0,17,1,13,0,19,8,0.47058823529411764,1.1176470588235294,5,Joinville
303.0,17,3,22,1,20,13,0.7647058823529411,1.1764705882352942,6,Ponte Preta
285.0,17,0,21,0,21,10,0.5882352941176471,1.2352941176470589,8,Internacional
316.0,17,1,20,0,22,16,0.9411764705882353,1.2941176470588236,2,Figueirense
275.0,18,0,28,0,16,29,1.6111111111111112,0.8888888888888888,7,Palmeiras
315.0,18,1,25,0,16,15,0.8333333333333334,0.8888888888888888,7,Chapecoense
266.0,18,0,30,0,17,19,1.0555555555555556,0.9444444444444444,8,Fluminense
276.0,18,3,31,0,15,20,1.1111111111111112,0.8333333333333334,8,São Paulo
283.0,18,0,21,0,17,14,0.7777777777777778,0.9444444444444444,4,Cruzeiro
293.0,18,0,29,0,21,20,1.1111111111111112,1.1666666666666667,6,Atlético-PR
292.0,18,0,30,0,20,29,1.6111111111111112,1.1111111111111112,6,Sport
267.0,18,0,13,0,27,8,0.4444444444444444,1.5,5,Vasco
284.0,18,3,33,0,16,23,1.2777777777777777,0.8888888888888888,6,Grêmio
314.0,18,0,20,0,26,16,0.8888888888888888,1.4444444444444444,2,Avaí
294.0,18,3,15,1,23,10,0.5555555555555556,1.2777777777777777,5,Coritiba
290.0,18,1,16,1,16,12,0.6666666666666666,0.8888888888888888,7,Goiás
264.0,18,3,37,1,13,21,1.1666666666666667,0.7222222222222222,10,Corinthians
262.0,18,3,23,1,24,16,0.8888888888888888,1.3333333333333333,5,Flamengo
277.0,18,3,23,1,22,20,1.1111111111111112,1.2222222222222223,6,Santos
282.0,18,0,36,1,13,21,1.1666666666666667,0.7222222222222222,7,Atlético-MG
215.0,18,3,16,1,19,11,0.6111111111111112,1.0555555555555556,6,Joinville
303.0,18,3,25,1,20,15,0.8333333333333334,1.1111111111111112,7,Ponte Preta
285.0,18,3,24,1,21,11,0.6111111111111112,1.1666666666666667,9,Internacional
316.0,18,0,20,1,24,16,0.8888888888888888,1.3333333333333333,2,Figueirense
275.0,19,3,31,1,18,32,1.6842105263157894,0.9473684210526315,7,Palmeiras
315.0,19,3,28,1,17,17,0.8947368421052632,0.8947368421052632,7,Chapecoense
266.0,19,3,33,1,18,21,1.105263157894737,0.9473684210526315,8,Fluminense
276.0,19,0,31,1,18,20,1.0526315789473684,0.9473684210526315,8,São Paulo
283.0,19,1,22,1,17,14,0.7368421052631579,0.8947368421052632,5,Cruzeiro
293.0,19,1,30,1,21,20,1.0526315789473684,1.105263157894737,7,Atlético-PR
292.0,19,1,31,1,21,30,1.5789473684210527,1.105263157894737,6,Sport
267.0,19,0,13,1,28,8,0.42105263157894735,1.4736842105263157,5,Vasco
284.0,19,3,36,1,17,25,1.3157894736842106,0.8947368421052632,6,Grêmio
314.0,19,0,20,1,28,17,0.8947368421052632,1.4736842105263157,2,Avaí
294.0,19,3,18,0,23,11,0.5789473684210527,1.2105263157894737,6,Coritiba
290.0,19,3,19,0,16,15,0.7894736842105263,0.8421052631578947,8,Goiás
264.0,19,3,40,0,14,23,1.2105263157894737,0.7368421052631579,10,Corinthians
262.0,19,0,23,0,28,18,0.9473684210526315,1.4736842105263157,5,Flamengo
277.0,19,1,24,0,22,20,1.0526315789473684,1.1578947368421053,7,Santos
282.0,19,0,36,0,15,21,1.105263157894737,0.7894736842105263,7,Atlético-MG
215.0,19,0,16,0,21,12,0.631578947368421,1.105263157894737,6,Joinville
303.0,19,1,26,0,21,16,0.8421052631578947,1.105263157894737,7,Ponte Preta
285.0,19,1,25,0,21,11,0.5789473684210527,1.105263157894737,10,Internacional
316.0,19,0,20,0,26,17,0.8947368421052632,1.368421052631579,2,Figueirense
275.0,20,0,31,0,20,33,1.65,1.0,7,Palmeiras
315.0,20,0,28,0,18,17,0.85,0.9,7,Chapecoense
266.0,20,0,33,0,20,22,1.1,1.0,8,Fluminense
276.0,20,0,31,0,20,20,1.0,1.0,8,São Paulo
283.0,20,0,22,0,20,14,0.7,1.0,5,Cruzeiro
293.0,20,0,30,0,23,20,1.0,1.15,7,Atlético-PR
292.0,20,0,31,0,23,31,1.55,1.15,6,Sport
267.0,20,0,13,0,31,8,0.4,1.55,5,Vasco
284.0,20,1,37,0,17,25,1.25,0.85,7,Grêmio
314.0,20,0,20,0,33,19,0.95,1.65,2,Avaí
294.0,20,3,21,1,23,12,0.6,1.15,7,Coritiba
290.0,20,3,22,1,16,18,0.9,0.8,9,Goiás
264.0,20,3,43,1,14,26,1.3,0.7,11,Corinthians
262.0,20,3,26,1,29,20,1.0,1.45,5,Flamengo
277.0,20,3,27,1,24,25,1.25,1.2,7,Santos
282.0,20,3,39,1,16,24,1.2,0.8,7,Atlético-MG
215.0,20,3,19,1,22,13,0.65,1.1,6,Joinville
303.0,20,1,27,1,21,16,0.8,1.05,8,Ponte Preta
285.0,20,3,28,1,21,13,0.65,1.05,11,Internacional
316.0,20,3,23,1,27,19,0.95,1.35,2,Figueirense
275.0,21,3,34,1,22,36,1.7142857142857142,1.0476190476190477,7,Palmeiras
315.0,21,0,28,1,21,18,0.8571428571428571,1.0,7,Chapecoense
266.0,21,0,33,1,22,23,1.0952380952380953,1.0476190476190477,8,Fluminense
276.0,21,3,34,1,20,23,1.0952380952380953,0.9523809523809523,9,São Paulo
283.0,21,0,22,1,21,14,0.6666666666666666,1.0,5,Cruzeiro
293.0,21,3,33,1,23,23,1.0952380952380953,1.0952380952380953,8,Atlético-PR
292.0,21,0,31,1,24,31,1.4761904761904763,1.1428571428571428,6,Sport
267.0,21,0,13,1,32,8,0.38095238095238093,1.5238095238095237,5,Vasco
284.0,21,1,38,1,17,25,1.1904761904761905,0.8095238095238095,8,Grêmio
314.0,21,3,23,1,33,22,1.0476190476190477,1.5714285714285714,3,Avaí
294.0,21,1,22,0,23,12,0.5714285714285714,1.0952380952380953,8,Coritiba
290.0,21,0,22,0,19,18,0.8571428571428571,0.9047619047619048,9,Goiás
264.0,21,3,46,0,15,29,1.380952380952381,0.7142857142857143,11,Corinthians
262.0,21,3,29,0,29,21,1.0,1.380952380952381,6,Flamengo
277.0,21,3,30,0,24,26,1.2380952380952381,1.1428571428571428,8,Santos
282.0,21,3,42,0,17,26,1.2380952380952381,0.8095238095238095,7,Atlético-MG
215.0,21,0,19,0,25,15,0.7142857142857143,1.1904761904761905,6,Joinville
303.0,21,0,27,0,24,16,0.7619047619047619,1.1428571428571428,8,Ponte Preta
285.0,21,0,28,0,24,13,0.6190476190476191,1.1428571428571428,11,Internacional
316.0,21,3,26,0,27,20,0.9523809523809523,1.2857142857142858,3,Figueirense
275.0,22,0,34,0,23,30,1.3636363636363635,1.0454545454545454,7,Palmeiras
315.0,22,0,28,0,24,19,0.8636363636363636,1.0909090909090908,7,Chapecoense
266.0,22,0,33,0,24,23,1.0454545454545454,1.0909090909090908,8,Fluminense
276.0,22,1,35,0,20,23,1.0454545454545454,0.9090909090909091,10,São Paulo
283.0,22,3,25,0,22,16,0.7272727272727273,1.0,5,Cruzeiro
293.0,22,3,36,0,23,24,1.0909090909090908,1.0454545454545454,9,Atlético-PR
292.0,22,1,32,0,24,31,1.4090909090909092,1.0909090909090908,7,Sport
267.0,22,0,13,0,38,8,0.36363636363636365,1.7272727272727273,5,Vasco
284.0,22,3,41,0,17,27,1.2272727272727273,0.7727272727272727,9,Grêmio
314.0,22,0,23,0,36,22,1.0,1.6363636363636365,3,Avaí
294.0,22,1,23,1,23,12,0.5454545454545454,1.0454545454545454,9,Coritiba
290.0,22,3,25,1,19,19,0.8636363636363636,0.8636363636363636,10,Goiás
264.0,22,3,49,1,15,30,1.3636363636363635,0.6818181818181818,12,Corinthians
262.0,22,3,32,1,29,24,1.0909090909090908,1.3181818181818181,7,Flamengo
277.0,22,3,33,1,25,29,1.3181818181818181,1.1363636363636365,8,Santos
282.0,22,0,42,1,18,26,1.1818181818181819,0.8181818181818182,7,Atlético-MG
215.0,22,1,20,1,25,15,0.6818181818181818,1.1363636363636365,7,Joinville
303.0,22,0,27,1,26,16,0.7272727272727273,1.1818181818181819,8,Ponte Preta
285.0,22,3,31,1,24,19,0.8636363636363636,1.0909090909090908,12,Internacional
316.0,22,0,26,1,29,20,0.9090909090909091,1.3181818181818181,3,Figueirense
275.0,23,1,35,1,26,33,1.434782608695652,1.1304347826086956,7,Palmeiras
315.0,23,1,29,1,24,19,0.8260869565217391,1.0434782608695652,8,Chapecoense
266.0,23,0,33,1,27,24,1.0434782608695652,1.173913043478261,8,Fluminense
276.0,23,3,38,1,20,25,1.0869565217391304,0.8695652173913043,11,São Paulo
283.0,23,3,28,1,23,21,0.9130434782608695,1.0,5,Cruzeiro
293.0,23,1,37,1,23,24,1.0434782608695652,1.0,10,Atlético-PR
292.0,23,1,33,1,25,32,1.391304347826087,1.0869565217391304,7,Sport
267.0,23,0,13,1,40,9,0.391304347826087,1.7391304347826086,5,Vasco
284.0,23,3,44,1,18,29,1.2608695652173914,0.782608695652174,9,Grêmio
314.0,23,0,23,1,38,20,0.8695652173913043,1.6521739130434783,3,Avaí
294.0,23,3,26,0,23,14,0.6086956521739131,1.0,10,Coritiba
290.0,23,0,25,0,21,20,0.8695652173913043,0.9130434782608695,10,Goiás
264.0,23,1,50,0,18,32,1.391304347826087,0.782608695652174,12,Corinthians
262.0,23,3,35,0,30,27,1.173913043478261,1.3043478260869565,7,Flamengo
277.0,23,1,34,0,26,30,1.3043478260869565,1.1304347826086956,8,Santos
282.0,23,3,45,0,19,28,1.2173913043478262,0.8260869565217391,7,Atlético-MG
215.0,23,1,21,0,25,15,0.6521739130434783,1.0869565217391304,8,Joinville
303.0,23,1,28,0,26,16,0.6956521739130435,1.1304347826086956,9,Ponte Preta
285.0,23,0,31,0,26,19,0.8260869565217391,1.1304347826086956,12,Internacional
316.0,23,0,26,0,34,21,0.9130434782608695,1.4782608695652173,3,Figueirense
275.0,24,0,35,0,27,33,1.375,1.125,7,Palmeiras
315.0,24,1,30,0,24,19,0.7916666666666666,1.0,9,Chapecoense
266.0,24,1,34,0,28,25,1.0416666666666667,1.1666666666666667,8,Fluminense
276.0,24,0,38,0,23,25,1.0416666666666667,0.9583333333333334,11,São Paulo
283.0,24,0,28,0,25,21,0.875,1.0416666666666667,5,Cruzeiro
293.0,24,1,38,0,24,24,1.0,1.0,10,Atlético-PR
292.0,24,0,33,0,26,32,1.3333333333333333,1.0833333333333333,7,Sport
267.0,24,3,16,0,40,10,0.4166666666666667,1.6666666666666667,6,Vasco
284.0,24,1,45,0,19,30,1.25,0.7916666666666666,9,Grêmio
314.0,24,0,23,0,40,20,0.8333333333333334,1.6666666666666667,3,Avaí
294.0,24,1,27,1,24,15,0.625,1.0,10,Coritiba
290.0,24,3,28,1,21,21,0.875,0.875,11,Goiás
264.0,24,1,51,1,19,33,1.375,0.7916666666666666,12,Corinthians
262.0,24,3,38,1,30,29,1.2083333333333333,1.25,8,Flamengo
277.0,24,3,37,1,26,33,1.375,1.0833333333333333,9,Santos
282.0,24,3,48,1,19,30,1.25,0.7916666666666666,8,Atlético-MG
215.0,24,1,22,1,25,15,0.625,1.0416666666666667,9,Joinville
303.0,24,0,28,1,27,16,0.6666666666666666,1.125,9,Ponte Preta
285.0,24,3,34,1,26,20,0.8333333333333334,1.0833333333333333,13,Internacional
316.0,24,1,27,1,35,22,0.9166666666666666,1.4583333333333333,3,Figueirense
275.0,25,3,38,1,27,35,1.4,1.08,8,Palmeiras
315.0,25,0,30,1,27,19,0.76,1.08,9,Chapecoense
266.0,25,0,34,0,29,25,1.0,1.16,8,Fluminense
276.0,25,3,41,0,24,27,1.08,0.96,11,São Paulo
283.0,25,1,29,1,26,22,0.88,1.04,5,Cruzeiro
293.0,25,0,38,0,26,24,0.96,1.04,10,Atlético-PR
292.0,25,3,36,1,26,33,1.32,1.04,8,Sport
267.0,25,3,19,1,40,12,0.48,1.6,7,Vasco
284.0,25,0,45,1,21,31,1.24,0.84,9,Grêmio
314.0,25,3,26,1,41,22,0.88,1.64,3,Avaí
294.0,25,0,27,1,25,15,0.6,1.0,10,Coritiba
290.0,25,0,28,0,23,22,0.88,0.92,11,Goiás
264.0,25,3,54,1,19,36,1.44,0.76,13,Corinthians
262.0,25,3,41,0,31,32,1.28,1.24,8,Flamengo
277.0,25,0,37,0,29,34,1.36,1.16,9,Santos
282.0,25,1,49,0,20,31,1.24,0.8,8,Atlético-MG
215.0,25,0,22,0,28,15,0.6,1.12,9,Joinville
303.0,25,3,31,1,28,19,0.76,1.12,9,Ponte Preta
285.0,25,3,37,0,26,21,0.84,1.04,14,Internacional
316.0,25,0,27,0,37,22,0.88,1.48,3,Figueirense
275.0,26,3,41,0,0,0,0.0,0.0,0,Palmeiras
315.0,26,1,31,0,0,0,0.0,0.0,0,Chapecoense
266.0,26,0,34,1,0,0,0.0,0.0,0,Fluminense
276.0,26,1,42,1,0,0,0.0,0.0,0,São Paulo
283.0,26,1,30,1,0,0,0.0,0.0,0,Cruzeiro
293.0,26,0,38,1,0,0,0.0,0.0,0,Atlético-PR
292.0,26,1,37,0,0,0,0.0,0.0,0,Sport
267.0,26,1,20,0,0,0,0.0,0.0,0,Vasco
284.0,26,3,48,0,0,0,0.0,0.0,0,Grêmio
314.0,26,3,29,0,0,0,0.0,0.0,0,Avaí
294.0,26,3,30,0,0,0,0.0,0.0,0,Coritiba
290.0,26,0,28,1,0,0,0.0,0.0,0,Goiás
264.0,26,0,54,0,0,0,0.0,0.0,0,Corinthians
262.0,26,0,41,1,0,0,0.0,0.0,0,Flamengo
277.0,26,3,40,1,0,0,0.0,0.0,0,Santos
282.0,26,0,49,0,0,0,0.0,0.0,0,Atlético-MG
215.0,26,1,23,1,0,0,0.0,0.0,0,Joinville
303.0,26,3,34,0,0,0,0.0,0.0,0,Ponte Preta
285.0,26,3,40,1,0,0,0.0,0.0,0,Internacional
316.0,26,0,27,1,0,0,0.0,0.0,0,Figueirense
275.0,27,3,44,1,30,42,1.5555555555555556,1.1111111111111112,8,Palmeiras
315.0,27,0,31,1,29,19,0.7037037037037037,1.0740740740740742,10,Chapecoense
266.0,27,0,34,0,36,27,1.0,1.3333333333333333,8,Fluminense
276.0,27,0,42,0,26,28,1.037037037037037,0.9629629629629629,12,São Paulo
283.0,27,3,33,0,28,25,0.9259259259259259,1.037037037037037,6,Cruzeiro
293.0,27,0,38,0,30,25,0.9259259259259259,1.1111111111111112,10,Atlético-PR
292.0,27,0,37,0,29,35,1.2962962962962963,1.0740740740740742,8,Sport
267.0,27,3,23,1,43,16,0.5925925925925926,1.5925925925925926,7,Vasco
284.0,27,0,48,0,25,35,1.2962962962962963,0.9259259259259259,9,Grêmio
314.0,27,3,32,1,42,25,0.9259259259259259,1.5555555555555556,4,Avaí
294.0,27,3,33,1,25,19,0.7037037037037037,0.9259259259259259,12,Coritiba
290.0,27,3,31,1,25,26,0.9629629629629629,0.9259259259259259,12,Goiás
264.0,27,3,57,1,21,39,1.4444444444444444,0.7777777777777778,14,Corinthians
262.0,27,0,41,0,37,33,1.2222222222222223,1.3703703703703705,8,Flamengo
277.0,27,0,40,0,31,38,1.4074074074074074,1.1481481481481481,10,Santos
282.0,27,3,52,1,25,34,1.2592592592592593,0.9259259259259259,8,Atlético-MG
215.0,27,0,23,0,32,16,0.5925925925925926,1.1851851851851851,9,Joinville
303.0,27,3,37,1,30,23,0.8518518518518519,1.1111111111111112,9,Ponte Preta
285.0,27,1,41,1,28,24,0.8888888888888888,1.037037037037037,14,Internacional
316.0,27,1,28,0,39,23,0.8518518518518519,1.4444444444444444,3,Figueirense
275.0,28,1,45,0,31,43,1.5357142857142858,1.1071428571428572,8,Palmeiras
315.0,28,0,31,0,32,19,0.6785714285714286,1.1428571428571428,10,Chapecoense
266.0,28,3,37,1,36,29,1.0357142857142858,1.2857142857142858,9,Fluminense
276.0,28,1,43,1,27,29,1.0357142857142858,0.9642857142857143,12,São Paulo
283.0,28,3,36,1,28,27,0.9642857142857143,1.0,7,Cruzeiro
293.0,28,0,38,1,32,26,0.9285714285714286,1.1428571428571428,10,Atlético-PR
292.0,28,3,40,1,29,37,1.3214285714285714,1.0357142857142858,9,Sport
267.0,28,3,26,0,44,18,0.6428571428571429,1.5714285714285714,7,Vasco
284.0,28,3,51,1,26,38,1.3571428571428572,0.9285714285714286,9,Grêmio
314.0,28,0,32,0,45,26,0.9285714285714286,1.6071428571428572,4,Avaí
294.0,28,0,33,0,27,19,0.6785714285714286,0.9642857142857143,12,Coritiba
290.0,28,0,31,0,27,26,0.9285714285714286,0.9642857142857143,12,Goiás
264.0,28,3,60,0,22,42,1.5,0.7857142857142857,14,Corinthians
262.0,28,0,41,1,39,34,1.2142857142857142,1.3928571428571428,8,Flamengo
277.0,28,3,43,1,32,41,1.4642857142857142,1.1428571428571428,10,Santos
282.0,28,1,53,0,26,36,1.2857142857142858,0.9285714285714286,8,Atlético-MG
215.0,28,1,24,1,33,18,0.6428571428571429,1.1785714285714286,9,Joinville
303.0,28,3,40,0,31,25,0.8928571428571429,1.1071428571428572,9,Ponte Preta
285.0,28,0,41,0,31,25,0.8928571428571429,1.1071428571428572,14,Internacional
316.0,28,0,28,1,42,24,0.8571428571428571,1.5,3,Figueirense
275.0,29,0,45,0,36,44,1.5172413793103448,1.2413793103448276,8,Palmeiras
315.0,29,3,34,1,33,24,0.8275862068965517,1.1379310344827587,10,Chapecoense
266.0,29,0,37,0,39,30,1.0344827586206897,1.3448275862068966,9,Fluminense
276.0,29,3,46,1,27,30,1.0344827586206897,0.9310344827586207,13,São Paulo
283.0,29,1,37,1,28,27,0.9310344827586207,0.9655172413793104,8,Cruzeiro
293.0,29,0,38,0,33,26,0.896551724137931,1.1379310344827587,10,Atlético-PR
292.0,29,0,40,0,31,38,1.3103448275862069,1.0689655172413792,9,Sport
267.0,29,1,27,0,45,19,0.6551724137931034,1.5517241379310345,7,Vasco
284.0,29,1,52,0,26,38,1.3103448275862069,0.896551724137931,10,Grêmio
314.0,29,1,33,1,46,27,0.9310344827586207,1.5862068965517242,4,Avaí
294.0,29,0,33,1,30,19,0.6551724137931034,1.0344827586206897,12,Coritiba
290.0,29,0,31,1,30,27,0.9310344827586207,1.0344827586206897,12,Goiás
264.0,29,1,61,0,24,44,1.5172413793103448,0.8275862068965517,14,Corinthians
262.0,29,3,44,1,39,36,1.2413793103448276,1.3448275862068966,9,Flamengo
277.0,29,3,46,1,33,44,1.5172413793103448,1.1379310344827587,10,Santos
282.0,29,3,56,0,26,38,1.3103448275862069,0.896551724137931,9,Atlético-MG
215.0,29,0,24,0,35,18,0.6206896551724138,1.206896551724138,9,Joinville
303.0,29,1,41,1,33,27,0.9310344827586207,1.1379310344827587,9,Ponte Preta
285.0,29,3,44,1,32,27,0.9310344827586207,1.103448275862069,14,Internacional
316.0,29,3,31,0,44,27,0.9310344827586207,1.5172413793103448,3,Figueirense
275.0,30,0,45,1,37,44,1.4666666666666666,1.2333333333333334,8,Palmeiras
315.0,30,1,35,0,34,25,0.8333333333333334,1.1333333333333333,10,Chapecoense
266.0,30,3,40,1,39,32,1.0666666666666667,1.3,10,Fluminense
276.0,30,0,46,0,29,30,1.0,0.9666666666666667,13,São Paulo
283.0,30,1,38,0,30,29,0.9666666666666667,1.0,8,Cruzeiro
293.0,30,1,39,1,35,28,0.9333333333333333,1.1666666666666667,10,Atlético-PR
292.0,30,3,43,1,31,41,1.3666666666666667,1.0333333333333334,10,Sport
267.0,30,1,28,1,46,20,0.6666666666666666,1.5333333333333334,7,Vasco
284.0,30,3,55,1,26,39,1.3,0.8666666666666667,11,Grêmio
314.0,30,0,33,0,49,27,0.9,1.6333333333333333,4,Avaí
294.0,30,0,33,0,33,20,0.6666666666666666,1.1,12,Coritiba
290.0,30,0,31,0,33,27,0.9,1.1,12,Goiás
264.0,30,3,64,1,24,47,1.5666666666666667,0.8,15,Corinthians
262.0,30,0,44,0,42,36,1.2,1.4,9,Flamengo
277.0,30,0,46,0,34,44,1.4666666666666666,1.1333333333333333,10,Santos
282.0,30,3,59,1,27,40,1.3333333333333333,0.9,9,Atlético-MG
215.0,30,3,27,1,36,21,0.7,1.2,9,Joinville
303.0,30,3,44,0,33,28,0.9333333333333333,1.1,10,Ponte Preta
285.0,30,0,44,0,34,28,0.9333333333333333,1.1333333333333333,14,Internacional
316.0,30,3,34,1,44,30,1.0,1.4666666666666666,4,Figueirense
275.0,31,3,48,0,38,47,1.5161290322580645,1.2258064516129032,8,Palmeiras
315.0,31,3,38,0,36,28,0.9032258064516129,1.1612903225806452,10,Chapecoense
266.0,31,0,40,0,41,32,1.032258064516129,1.3225806451612903,10,Fluminense
276.0,31,1,47,1,31,32,1.032258064516129,1.0,13,São Paulo
283.0,31,3,41,1,30,31,1.0,0.967741935483871,9,Cruzeiro
293.0,31,0,39,1,39,29,0.9354838709677419,1.2580645161290323,10,Atlético-PR
292.0,31,3,46,1,32,45,1.4516129032258065,1.032258064516129,10,Sport
267.0,31,1,29,0,48,22,0.7096774193548387,1.5483870967741935,7,Vasco
284.0,31,0,55,1,29,41,1.3225806451612903,0.9354838709677419,11,Grêmio
314.0,31,0,33,1,52,28,0.9032258064516129,1.6774193548387097,4,Avaí
294.0,31,0,33,0,36,20,0.6451612903225806,1.1612903225806452,12,Coritiba
290.0,31,0,31,0,36,28,0.9032258064516129,1.1612903225806452,12,Goiás
264.0,31,3,67,0,25,51,1.6451612903225807,0.8064516129032258,15,Corinthians
262.0,31,0,44,1,43,36,1.1612903225806452,1.3870967741935485,9,Flamengo
277.0,31,3,49,1,35,47,1.5161290322580645,1.1290322580645162,10,Santos
282.0,31,0,59,0,31,41,1.3225806451612903,1.0,9,Atlético-MG
215.0,31,3,30,1,36,22,0.7096774193548387,1.1612903225806452,10,Joinville
303.0,31,3,47,1,33,31,1.0,1.064516129032258,11,Ponte Preta
285.0,31,3,47,0,34,29,0.9354838709677419,1.096774193548387,15,Internacional
316.0,31,0,34,0,45,30,0.967741935483871,1.4516129032258065,4,Figueirense
275.0,32,0,48,1,40,47,1.46875,1.25,8,Palmeiras
315.0,32,1,39,1,36,28,0.875,1.125,11,Chapecoense
266.0,32,0,40,1,42,32,1.0,1.3125,10,Fluminense
276.0,32,3,50,0,32,34,1.0625,1.0,13,São Paulo
283.0,32,3,44,0,30,32,1.0,0.9375,10,Cruzeiro
293.0,32,3,42,0,39,30,0.9375,1.21875,11,Atlético-PR
292.0,32,3,49,0,32,47,1.46875,1.0,11,Sport
267.0,32,1,30,1,48,22,0.6875,1.5,8,Vasco
284.0,32,1,56,0,29,41,1.28125,0.90625,12,Grêmio
314.0,32,1,34,0,52,28,0.875,1.625,5,Avaí
294.0,32,0,33,1,38,21,0.65625,1.1875,12,Coritiba
290.0,32,0,31,1,37,28,0.875,1.15625,12,Goiás
264.0,32,3,70,1,25,52,1.625,0.78125,16,Corinthians
262.0,32,0,44,0,44,36,1.125,1.375,9,Flamengo
277.0,32,1,50,0,35,47,1.46875,1.09375,11,Santos
282.0,32,3,62,1,32,43,1.34375,1.0,9,Atlético-MG
215.0,32,0,30,0,37,22,0.6875,1.15625,10,Joinville
303.0,32,0,47,0,35,32,1.0,1.09375,11,Ponte Preta
285.0,32,3,50,1,34,30,0.9375,1.0625,16,Internacional
316.0,32,1,35,1,45,30,0.9375,1.40625,5,Figueirense
275.0,33,0,48,0,42,48,1.4545454545454546,1.2727272727272727,8,Palmeiras
315.0,33,1,40,1,36,28,0.8484848484848485,1.0909090909090908,12,Chapecoense
266.0,33,3,43,0,42,33,1.0,1.2727272727272727,11,Fluminense
276.0,33,3,53,1,32,37,1.121212121212121,0.9696969696969697,14,São Paulo
283.0,33,1,45,0,31,33,1.0,0.9393939393939394,10,Cruzeiro
293.0,33,1,43,0,39,30,0.9090909090909091,1.1818181818181819,12,Atlético-PR
292.0,33,0,49,0,35,47,1.4242424242424243,1.0606060606060606,11,Sport
267.0,33,0,30,1,49,22,0.6666666666666666,1.4848484848484849,8,Vasco
284.0,33,3,59,1,29,43,1.303030303030303,0.8787878787878788,13,Grêmio
314.0,33,1,35,1,53,29,0.8787878787878788,1.606060606060606,5,Avaí
294.0,33,1,34,1,39,22,0.6666666666666666,1.1818181818181819,12,Coritiba
290.0,33,3,34,1,38,30,0.9090909090909091,1.1515151515151516,12,Goiás
264.0,33,3,73,0,25,55,1.6666666666666667,0.7575757575757576,17,Corinthians
262.0,33,0,44,0,46,36,1.0909090909090908,1.393939393939394,9,Flamengo
277.0,33,3,53,1,36,49,1.4848484848484849,1.0909090909090908,11,Santos
282.0,33,0,62,1,35,43,1.303030303030303,1.0606060606060606,9,Atlético-MG
215.0,33,0,30,0,38,22,0.6666666666666666,1.1515151515151516,10,Joinville
303.0,33,3,50,1,35,32,0.9696969696969697,1.0606060606060606,12,Ponte Preta
285.0,33,0,50,0,36,31,0.9393939393939394,1.0909090909090908,16,Internacional
316.0,33,1,36,0,46,31,0.9393939393939394,1.393939393939394,5,Figueirense
275.0,34,0,48,1,44,48,1.411764705882353,1.2941176470588236,8,Palmeiras
315.0,34,3,43,0,38,31,0.9117647058823529,1.1176470588235294,12,Chapecoense
266.0,34,0,43,1,45,35,1.0294117647058822,1.3235294117647058,11,Fluminense
276.0,34,0,53,0,34,38,1.1176470588235294,1.0,14,São Paulo
283.0,34,3,48,1,32,35,1.0294117647058822,0.9411764705882353,10,Cruzeiro
293.0,34,3,46,1,40,32,0.9411764705882353,1.1764705882352942,12,Atlético-PR
292.0,34,3,52,1,35,48,1.411764705882353,1.0294117647058822,12,Sport
267.0,34,3,33,0,49,24,0.7058823529411765,1.4411764705882353,9,Vasco
284.0,34,0,59,0,30,43,1.2647058823529411,0.8823529411764706,13,Grêmio
314.0,34,0,35,0,55,30,0.8823529411764706,1.6176470588235294,5,Avaí
294.0,34,0,34,0,41,23,0.6764705882352942,1.2058823529411764,12,Coritiba
290.0,34,0,34,0,42,31,0.9117647058823529,1.2352941176470589,12,Goiás
264.0,34,3,76,1,26,57,1.6764705882352942,0.7647058823529411,17,Corinthians
262.0,34,3,47,1,47,40,1.1764705882352942,1.3823529411764706,9,Flamengo
277.0,34,1,54,0,36,49,1.4411764705882353,1.0588235294117647,12,Santos
282.0,34,3,65,0,35,44,1.2941176470588236,1.0294117647058822,10,Atlético-MG
215.0,34,1,31,1,38,22,0.6470588235294118,1.1176470588235294,11,Joinville
303.0,34,0,50,0,36,32,0.9411764705882353,1.0588235294117647,12,Ponte Preta
285.0,34,3,53,1,36,32,0.9411764705882353,1.0588235294117647,17,Internacional
316.0,34,0,36,1,47,31,0.9117647058823529,1.3823529411764706,5,Figueirense
275.0,35,1,49,0,47,51,1.457142857142857,1.3428571428571427,8,Palmeiras
315.0,35,3,46,1,38,32,0.9142857142857143,1.0857142857142856,13,Chapecoense
266.0,35,0,43,0,46,35,1.0,1.3142857142857143,11,Fluminense
276.0,35,3,56,1,36,42,1.2,1.0285714285714285,14,São Paulo
283.0,35,3,51,1,32,35,1.0,0.9142857142857143,10,Cruzeiro
293.0,35,1,47,1,43,35,1.0,1.2285714285714286,12,Atlético-PR
292.0,35,0,52,0,35,48,1.3714285714285714,1.0,12,Sport
267.0,35,1,34,1,50,25,0.7142857142857143,1.4285714285714286,9,Vasco
284.0,35,3,62,1,30,44,1.2571428571428571,0.8571428571428571,14,Grêmio
314.0,35,3,38,1,56,32,0.9142857142857143,1.6,5,Avaí
294.0,35,3,37,0,42,26,0.7428571428571429,1.2,12,Coritiba
290.0,35,0,34,1,45,32,0.9142857142857143,1.2857142857142858,12,Goiás
264.0,35,1,77,0,27,58,1.6571428571428573,0.7714285714285715,17,Corinthians
262.0,35,1,48,0,47,40,1.1428571428571428,1.3428571428571427,10,Flamengo
277.0,35,1,55,1,36,49,1.4,1.0285714285714285,13,Santos
282.0,35,0,65,0,39,46,1.3142857142857143,1.1142857142857143,10,Atlético-MG
215.0,35,0,31,0,40,23,0.6571428571428571,1.1428571428571428,11,Joinville
303.0,35,0,50,1,37,32,0.9142857142857143,1.0571428571428572,12,Ponte Preta
285.0,35,0,53,0,37,32,0.9142857142857143,1.0571428571428572,17,Internacional
316.0,35,3,39,0,47,32,0.9142857142857143,1.3428571428571427,6,Figueirense
275.0,36,1,50,1,48,52,1.4444444444444444,1.3333333333333333,8,Palmeiras
315.0,36,1,47,0,38,32,0.8888888888888888,1.0555555555555556,14,Chapecoense
266.0,36,3,46,1,47,38,1.0555555555555556,1.3055555555555556,11,Fluminense
276.0,36,0,56,0,42,43,1.1944444444444444,1.1666666666666667,14,São Paulo
283.0,36,1,52,0,33,36,1.0,0.9166666666666666,10,Cruzeiro
293.0,36,1,48,0,43,35,0.9722222222222222,1.1944444444444444,13,Atlético-PR
292.0,36,1,53,1,35,48,1.3333333333333333,0.9722222222222222,13,Sport
267.0,36,3,37,0,51,27,0.75,1.4166666666666667,9,Vasco
284.0,36,0,62,0,31,44,1.2222222222222223,0.8611111111111112,14,Grêmio
314.0,36,0,38,0,59,33,0.9166666666666666,1.6388888888888888,5,Avaí
294.0,36,3,40,1,42,27,0.75,1.1666666666666667,13,Coritiba
290.0,36,1,35,0,47,34,0.9444444444444444,1.3055555555555556,12,Goiás
264.0,36,3,80,1,28,64,1.7777777777777777,0.7777777777777778,17,Corinthians
262.0,36,1,49,1,48,41,1.1388888888888888,1.3333333333333333,10,Flamengo
277.0,36,0,55,0,37,49,1.3611111111111112,1.0277777777777777,13,Santos
282.0,36,1,66,1,41,48,1.3333333333333333,1.1388888888888888,10,Atlético-MG
215.0,36,0,31,1,42,24,0.6666666666666666,1.1666666666666667,11,Joinville
303.0,36,1,51,0,38,33,0.9166666666666666,1.0555555555555556,12,Ponte Preta
285.0,36,3,56,1,37,33,0.9166666666666666,1.0277777777777777,18,Internacional
316.0,36,1,40,1,47,32,0.8888888888888888,1.3055555555555556,7,Figueirense
275.0,37,0,50,1,51,54,1.4594594594594594,1.3783783783783783,8,Palmeiras
315.0,37,0,47,1,44,33,0.8918918918918919,1.1891891891891893,14,Chapecoense
266.0,37,1,47,1,49,39,1.054054054054054,1.3243243243243243,11,Fluminense
276.0,37,3,59,1,44,47,1.2702702702702702,1.1891891891891893,15,São Paulo
283.0,37,3,55,1,35,39,1.054054054054054,0.9459459459459459,11,Cruzeiro
293.0,37,3,51,1,48,39,1.054054054054054,1.2972972972972974,14,Atlético-PR
292.0,37,3,56,1,35,51,1.3783783783783783,0.9459459459459459,15,Sport
267.0,37,3,40,1,51,28,0.7567567567567568,1.3783783783783783,11,Vasco
284.0,37,3,65,1,32,48,1.2972972972972974,0.8648648648648649,15,Grêmio
314.0,37,3,41,1,60,35,0.9459459459459459,1.6216216216216217,6,Avaí
294.0,37,3,43,0,42,29,0.7837837837837838,1.135135135135135,15,Coritiba
290.0,37,3,38,0,49,37,1.0,1.3243243243243243,12,Goiás
264.0,37,0,80,0,31,65,1.7567567567567568,0.8378378378378378,17,Corinthians
262.0,37,0,49,0,53,42,1.135135135135135,1.4324324324324325,10,Flamengo
277.0,37,0,55,0,39,54,1.4594594594594594,1.054054054054054,13,Santos
282.0,37,0,66,0,43,52,1.4054054054054055,1.162162162162162,11,Atlético-MG
215.0,37,0,31,0,47,24,0.6486486486486487,1.2702702702702702,11,Joinville
303.0,37,0,51,0,40,33,0.8918918918918919,1.0810810810810811,12,Ponte Preta
285.0,37,1,57,0,38,36,0.972972972972973,1.027027027027027,19,Internacional
316.0,37,0,40,0,50,35,0.9459459459459459,1.3513513513513513,8,Figueirense
